[
{
  "model": "catalog.country",
  "pk": 1,
  "fields": {
    "name": "▀яюэш "
  }
},
{
  "model": "catalog.country",
  "pk": 2,
  "fields": {
    "name": "╩юЁх "
  }
},
{
  "model": "catalog.country",
  "pk": 3,
  "fields": {
    "name": "├хЁьрэш "
  }
},
{
  "model": "catalog.country",
  "pk": 4,
  "fields": {
    "name": "╤╪└"
  }
},
{
  "model": "catalog.country",
  "pk": 5,
  "fields": {
    "name": "╩шЄрщ"
  }
},
{
  "model": "catalog.country",
  "pk": 6,
  "fields": {
    "name": "╨юёёш "
  }
},
{
  "model": "catalog.country",
  "pk": 7,
  "fields": {
    "name": "┬хышъюсЁшЄрэш "
  }
},
{
  "model": "catalog.country",
  "pk": 8,
  "fields": {
    "name": "╘ЁрэЎш "
  }
},
{
  "model": "catalog.brand",
  "pk": 1,
  "fields": {
    "country": 1,
    "name": "Toyota"
  }
},
{
  "model": "catalog.brand",
  "pk": 2,
  "fields": {
    "country": 1,
    "name": "Lexus"
  }
},
{
  "model": "catalog.brand",
  "pk": 3,
  "fields": {
    "country": 1,
    "name": "Nissan"
  }
},
{
  "model": "catalog.brand",
  "pk": 4,
  "fields": {
    "country": 1,
    "name": "Honda"
  }
},
{
  "model": "catalog.brand",
  "pk": 5,
  "fields": {
    "country": 1,
    "name": "Mazda"
  }
},
{
  "model": "catalog.brand",
  "pk": 6,
  "fields": {
    "country": 1,
    "name": "Subaru"
  }
},
{
  "model": "catalog.brand",
  "pk": 7,
  "fields": {
    "country": 1,
    "name": "Mitsubishi"
  }
},
{
  "model": "catalog.brand",
  "pk": 8,
  "fields": {
    "country": 1,
    "name": "Suzuki"
  }
},
{
  "model": "catalog.brand",
  "pk": 9,
  "fields": {
    "country": 2,
    "name": "Hyundai"
  }
},
{
  "model": "catalog.brand",
  "pk": 10,
  "fields": {
    "country": 2,
    "name": "Kia"
  }
},
{
  "model": "catalog.brand",
  "pk": 11,
  "fields": {
    "country": 2,
    "name": "Genesis"
  }
},
{
  "model": "catalog.brand",
  "pk": 12,
  "fields": {
    "country": 2,
    "name": "SsangYong"
  }
},
{
  "model": "catalog.brand",
  "pk": 13,
  "fields": {
    "country": 3,
    "name": "BMW"
  }
},
{
  "model": "catalog.brand",
  "pk": 14,
  "fields": {
    "country": 3,
    "name": "Mercedes"
  }
},
{
  "model": "catalog.brand",
  "pk": 15,
  "fields": {
    "country": 3,
    "name": "Audi"
  }
},
{
  "model": "catalog.brand",
  "pk": 16,
  "fields": {
    "country": 3,
    "name": "Volkswagen"
  }
},
{
  "model": "catalog.brand",
  "pk": 17,
  "fields": {
    "country": 3,
    "name": "Skoda"
  }
},
{
  "model": "catalog.brand",
  "pk": 18,
  "fields": {
    "country": 3,
    "name": "Porsche"
  }
},
{
  "model": "catalog.brand",
  "pk": 19,
  "fields": {
    "country": 4,
    "name": "Chevrolet"
  }
},
{
  "model": "catalog.brand",
  "pk": 20,
  "fields": {
    "country": 4,
    "name": "Ford"
  }
},
{
  "model": "catalog.brand",
  "pk": 21,
  "fields": {
    "country": 4,
    "name": "Jeep"
  }
},
{
  "model": "catalog.brand",
  "pk": 22,
  "fields": {
    "country": 5,
    "name": "Geely"
  }
},
{
  "model": "catalog.brand",
  "pk": 23,
  "fields": {
    "country": 5,
    "name": "Chery"
  }
},
{
  "model": "catalog.brand",
  "pk": 24,
  "fields": {
    "country": 5,
    "name": "Haval"
  }
},
{
  "model": "catalog.brand",
  "pk": 25,
  "fields": {
    "country": 5,
    "name": "JAC"
  }
},
{
  "model": "catalog.brand",
  "pk": 26,
  "fields": {
    "country": 5,
    "name": "Exeed"
  }
},
{
  "model": "catalog.brand",
  "pk": 27,
  "fields": {
    "country": 5,
    "name": "Tank"
  }
},
{
  "model": "catalog.brand",
  "pk": 28,
  "fields": {
    "country": 6,
    "name": "Lada"
  }
},
{
  "model": "catalog.brand",
  "pk": 29,
  "fields": {
    "country": 6,
    "name": "UAZ"
  }
},
{
  "model": "catalog.brand",
  "pk": 30,
  "fields": {
    "country": 6,
    "name": "GAZ"
  }
},
{
  "model": "catalog.brand",
  "pk": 31,
  "fields": {
    "country": 7,
    "name": "Land Rover"
  }
},
{
  "model": "catalog.brand",
  "pk": 32,
  "fields": {
    "country": 8,
    "name": "Renault"
  }
},
{
  "model": "catalog.brand",
  "pk": 33,
  "fields": {
    "country": 1,
    "name": "Infiniti"
  }
},
{
  "model": "catalog.brand",
  "pk": 34,
  "fields": {
    "country": 3,
    "name": "Mercedes-Benz"
  }
},
{
  "model": "catalog.brand",
  "pk": 35,
  "fields": {
    "country": 3,
    "name": "Opel"
  }
},
{
  "model": "catalog.brand",
  "pk": 36,
  "fields": {
    "country": 4,
    "name": "Dodge"
  }
},
{
  "model": "catalog.brand",
  "pk": 37,
  "fields": {
    "country": 4,
    "name": "Cadillac"
  }
},
{
  "model": "catalog.brand",
  "pk": 38,
  "fields": {
    "country": 4,
    "name": "Chrysler"
  }
},
{
  "model": "catalog.brand",
  "pk": 39,
  "fields": {
    "country": 2,
    "name": "Daewoo"
  }
},
{
  "model": "catalog.brand",
  "pk": 40,
  "fields": {
    "country": 5,
    "name": "Changan"
  }
},
{
  "model": "catalog.brand",
  "pk": 41,
  "fields": {
    "country": 5,
    "name": "Jetour"
  }
},
{
  "model": "catalog.brand",
  "pk": 42,
  "fields": {
    "country": 5,
    "name": "BYD"
  }
},
{
  "model": "catalog.brand",
  "pk": 43,
  "fields": {
    "country": 6,
    "name": "├└╟"
  }
},
{
  "model": "catalog.brand",
  "pk": 44,
  "fields": {
    "country": 6,
    "name": "╙└╟"
  }
},
{
  "model": "catalog.carmodel",
  "pk": 1,
  "fields": {
    "brand": 1,
    "name": "Camry"
  }
},
{
  "model": "catalog.carmodel",
  "pk": 2,
  "fields": {
    "brand": 1,
    "name": "Land Cruiser"
  }
},
{
  "model": "catalog.carmodel",
  "pk": 3,
  "fields": {
    "brand": 1,
    "name": "Corolla"
  }
},
{
  "model": "catalog.carmodel",
  "pk": 4,
  "fields": {
    "brand": 1,
    "name": "RAV4"
  }
},
{
  "model": "catalog.carmodel",
  "pk": 5,
  "fields": {
    "brand": 1,
    "name": "Prado"
  }
},
{
  "model": "catalog.carmodel",
  "pk": 6,
  "fields": {
    "brand": 2,
    "name": "ES"
  }
},
{
  "model": "catalog.carmodel",
  "pk": 7,
  "fields": {
    "brand": 2,
    "name": "RX"
  }
},
{
  "model": "catalog.carmodel",
  "pk": 8,
  "fields": {
    "brand": 2,
    "name": "GX"
  }
},
{
  "model": "catalog.carmodel",
  "pk": 9,
  "fields": {
    "brand": 2,
    "name": "LX"
  }
},
{
  "model": "catalog.carmodel",
  "pk": 10,
  "fields": {
    "brand": 3,
    "name": "X-Trail"
  }
},
{
  "model": "catalog.carmodel",
  "pk": 11,
  "fields": {
    "brand": 3,
    "name": "Patrol"
  }
},
{
  "model": "catalog.carmodel",
  "pk": 12,
  "fields": {
    "brand": 3,
    "name": "Teana"
  }
},
{
  "model": "catalog.carmodel",
  "pk": 13,
  "fields": {
    "brand": 3,
    "name": "Qashqai"
  }
},
{
  "model": "catalog.carmodel",
  "pk": 14,
  "fields": {
    "brand": 4,
    "name": "CR-V"
  }
},
{
  "model": "catalog.carmodel",
  "pk": 15,
  "fields": {
    "brand": 4,
    "name": "Accord"
  }
},
{
  "model": "catalog.carmodel",
  "pk": 16,
  "fields": {
    "brand": 4,
    "name": "Civic"
  }
},
{
  "model": "catalog.carmodel",
  "pk": 17,
  "fields": {
    "brand": 5,
    "name": "CX-5"
  }
},
{
  "model": "catalog.carmodel",
  "pk": 18,
  "fields": {
    "brand": 5,
    "name": "CX-9"
  }
},
{
  "model": "catalog.carmodel",
  "pk": 19,
  "fields": {
    "brand": 5,
    "name": "6"
  }
},
{
  "model": "catalog.carmodel",
  "pk": 20,
  "fields": {
    "brand": 6,
    "name": "Forester"
  }
},
{
  "model": "catalog.carmodel",
  "pk": 21,
  "fields": {
    "brand": 6,
    "name": "Outback"
  }
},
{
  "model": "catalog.carmodel",
  "pk": 22,
  "fields": {
    "brand": 6,
    "name": "XV"
  }
},
{
  "model": "catalog.carmodel",
  "pk": 23,
  "fields": {
    "brand": 7,
    "name": "Outlander"
  }
},
{
  "model": "catalog.carmodel",
  "pk": 24,
  "fields": {
    "brand": 7,
    "name": "Pajero"
  }
},
{
  "model": "catalog.carmodel",
  "pk": 25,
  "fields": {
    "brand": 7,
    "name": "L200"
  }
},
{
  "model": "catalog.carmodel",
  "pk": 26,
  "fields": {
    "brand": 8,
    "name": "Grand Vitara"
  }
},
{
  "model": "catalog.carmodel",
  "pk": 27,
  "fields": {
    "brand": 8,
    "name": "SX4"
  }
},
{
  "model": "catalog.carmodel",
  "pk": 28,
  "fields": {
    "brand": 9,
    "name": "Tucson"
  }
},
{
  "model": "catalog.carmodel",
  "pk": 29,
  "fields": {
    "brand": 9,
    "name": "Elantra"
  }
},
{
  "model": "catalog.carmodel",
  "pk": 30,
  "fields": {
    "brand": 9,
    "name": "Santa Fe"
  }
},
{
  "model": "catalog.carmodel",
  "pk": 31,
  "fields": {
    "brand": 9,
    "name": "Accent"
  }
},
{
  "model": "catalog.carmodel",
  "pk": 32,
  "fields": {
    "brand": 10,
    "name": "Sportage"
  }
},
{
  "model": "catalog.carmodel",
  "pk": 33,
  "fields": {
    "brand": 10,
    "name": "Cerato"
  }
},
{
  "model": "catalog.carmodel",
  "pk": 34,
  "fields": {
    "brand": 10,
    "name": "Sorento"
  }
},
{
  "model": "catalog.carmodel",
  "pk": 35,
  "fields": {
    "brand": 10,
    "name": "Rio"
  }
},
{
  "model": "catalog.carmodel",
  "pk": 36,
  "fields": {
    "brand": 11,
    "name": "G70"
  }
},
{
  "model": "catalog.carmodel",
  "pk": 37,
  "fields": {
    "brand": 11,
    "name": "G80"
  }
},
{
  "model": "catalog.carmodel",
  "pk": 38,
  "fields": {
    "brand": 11,
    "name": "GV80"
  }
},
{
  "model": "catalog.carmodel",
  "pk": 39,
  "fields": {
    "brand": 12,
    "name": "Rexton"
  }
},
{
  "model": "catalog.carmodel",
  "pk": 40,
  "fields": {
    "brand": 12,
    "name": "Actyon"
  }
},
{
  "model": "catalog.carmodel",
  "pk": 41,
  "fields": {
    "brand": 12,
    "name": "Kyron"
  }
},
{
  "model": "catalog.carmodel",
  "pk": 42,
  "fields": {
    "brand": 13,
    "name": "X5"
  }
},
{
  "model": "catalog.carmodel",
  "pk": 43,
  "fields": {
    "brand": 13,
    "name": "X6"
  }
},
{
  "model": "catalog.carmodel",
  "pk": 44,
  "fields": {
    "brand": 13,
    "name": "3 Series"
  }
},
{
  "model": "catalog.carmodel",
  "pk": 45,
  "fields": {
    "brand": 13,
    "name": "5 Series"
  }
},
{
  "model": "catalog.carmodel",
  "pk": 46,
  "fields": {
    "brand": 14,
    "name": "E-Class"
  }
},
{
  "model": "catalog.carmodel",
  "pk": 47,
  "fields": {
    "brand": 14,
    "name": "C-Class"
  }
},
{
  "model": "catalog.carmodel",
  "pk": 48,
  "fields": {
    "brand": 14,
    "name": "S-Class"
  }
},
{
  "model": "catalog.carmodel",
  "pk": 49,
  "fields": {
    "brand": 14,
    "name": "GLE"
  }
},
{
  "model": "catalog.carmodel",
  "pk": 50,
  "fields": {
    "brand": 15,
    "name": "A4"
  }
},
{
  "model": "catalog.carmodel",
  "pk": 51,
  "fields": {
    "brand": 15,
    "name": "A6"
  }
},
{
  "model": "catalog.carmodel",
  "pk": 52,
  "fields": {
    "brand": 15,
    "name": "Q5"
  }
},
{
  "model": "catalog.carmodel",
  "pk": 53,
  "fields": {
    "brand": 15,
    "name": "Q7"
  }
},
{
  "model": "catalog.carmodel",
  "pk": 54,
  "fields": {
    "brand": 16,
    "name": "Passat"
  }
},
{
  "model": "catalog.carmodel",
  "pk": 55,
  "fields": {
    "brand": 16,
    "name": "Tiguan"
  }
},
{
  "model": "catalog.carmodel",
  "pk": 56,
  "fields": {
    "brand": 16,
    "name": "Polo"
  }
},
{
  "model": "catalog.carmodel",
  "pk": 57,
  "fields": {
    "brand": 17,
    "name": "Octavia"
  }
},
{
  "model": "catalog.carmodel",
  "pk": 58,
  "fields": {
    "brand": 17,
    "name": "Superb"
  }
},
{
  "model": "catalog.carmodel",
  "pk": 59,
  "fields": {
    "brand": 17,
    "name": "Kodiaq"
  }
},
{
  "model": "catalog.carmodel",
  "pk": 60,
  "fields": {
    "brand": 18,
    "name": "Cayenne"
  }
},
{
  "model": "catalog.carmodel",
  "pk": 61,
  "fields": {
    "brand": 18,
    "name": "Macan"
  }
},
{
  "model": "catalog.carmodel",
  "pk": 62,
  "fields": {
    "brand": 18,
    "name": "Panamera"
  }
},
{
  "model": "catalog.carmodel",
  "pk": 63,
  "fields": {
    "brand": 19,
    "name": "Cruze"
  }
},
{
  "model": "catalog.carmodel",
  "pk": 64,
  "fields": {
    "brand": 19,
    "name": "Captiva"
  }
},
{
  "model": "catalog.carmodel",
  "pk": 65,
  "fields": {
    "brand": 19,
    "name": "Malibu"
  }
},
{
  "model": "catalog.carmodel",
  "pk": 66,
  "fields": {
    "brand": 19,
    "name": "Tahoe"
  }
},
{
  "model": "catalog.carmodel",
  "pk": 67,
  "fields": {
    "brand": 20,
    "name": "Focus"
  }
},
{
  "model": "catalog.carmodel",
  "pk": 68,
  "fields": {
    "brand": 20,
    "name": "Explorer"
  }
},
{
  "model": "catalog.carmodel",
  "pk": 69,
  "fields": {
    "brand": 20,
    "name": "F-150"
  }
},
{
  "model": "catalog.carmodel",
  "pk": 70,
  "fields": {
    "brand": 21,
    "name": "Grand Cherokee"
  }
},
{
  "model": "catalog.carmodel",
  "pk": 71,
  "fields": {
    "brand": 21,
    "name": "Wrangler"
  }
},
{
  "model": "catalog.carmodel",
  "pk": 72,
  "fields": {
    "brand": 22,
    "name": "Coolray"
  }
},
{
  "model": "catalog.carmodel",
  "pk": 73,
  "fields": {
    "brand": 22,
    "name": "Atlas"
  }
},
{
  "model": "catalog.carmodel",
  "pk": 74,
  "fields": {
    "brand": 22,
    "name": "Emgrand"
  }
},
{
  "model": "catalog.carmodel",
  "pk": 75,
  "fields": {
    "brand": 23,
    "name": "Tiggo 4"
  }
},
{
  "model": "catalog.carmodel",
  "pk": 76,
  "fields": {
    "brand": 23,
    "name": "Tiggo 7"
  }
},
{
  "model": "catalog.carmodel",
  "pk": 77,
  "fields": {
    "brand": 23,
    "name": "Tiggo 8"
  }
},
{
  "model": "catalog.carmodel",
  "pk": 78,
  "fields": {
    "brand": 24,
    "name": "H6"
  }
},
{
  "model": "catalog.carmodel",
  "pk": 79,
  "fields": {
    "brand": 24,
    "name": "F7"
  }
},
{
  "model": "catalog.carmodel",
  "pk": 80,
  "fields": {
    "brand": 24,
    "name": "Jolion"
  }
},
{
  "model": "catalog.carmodel",
  "pk": 81,
  "fields": {
    "brand": 25,
    "name": "S3"
  }
},
{
  "model": "catalog.carmodel",
  "pk": 82,
  "fields": {
    "brand": 25,
    "name": "S5"
  }
},
{
  "model": "catalog.carmodel",
  "pk": 83,
  "fields": {
    "brand": 26,
    "name": "TXL"
  }
},
{
  "model": "catalog.carmodel",
  "pk": 84,
  "fields": {
    "brand": 26,
    "name": "VX"
  }
},
{
  "model": "catalog.carmodel",
  "pk": 85,
  "fields": {
    "brand": 27,
    "name": "300"
  }
},
{
  "model": "catalog.carmodel",
  "pk": 86,
  "fields": {
    "brand": 27,
    "name": "500"
  }
},
{
  "model": "catalog.carmodel",
  "pk": 87,
  "fields": {
    "brand": 28,
    "name": "Vesta"
  }
},
{
  "model": "catalog.carmodel",
  "pk": 88,
  "fields": {
    "brand": 28,
    "name": "Granta"
  }
},
{
  "model": "catalog.carmodel",
  "pk": 89,
  "fields": {
    "brand": 28,
    "name": "Niva"
  }
},
{
  "model": "catalog.carmodel",
  "pk": 90,
  "fields": {
    "brand": 29,
    "name": "Patriot"
  }
},
{
  "model": "catalog.carmodel",
  "pk": 91,
  "fields": {
    "brand": 29,
    "name": "Hunter"
  }
},
{
  "model": "catalog.carmodel",
  "pk": 92,
  "fields": {
    "brand": 30,
    "name": "Gazelle"
  }
},
{
  "model": "catalog.carmodel",
  "pk": 93,
  "fields": {
    "brand": 31,
    "name": "Range Rover"
  }
},
{
  "model": "catalog.carmodel",
  "pk": 94,
  "fields": {
    "brand": 31,
    "name": "Discovery"
  }
},
{
  "model": "catalog.carmodel",
  "pk": 95,
  "fields": {
    "brand": 31,
    "name": "Defender"
  }
},
{
  "model": "catalog.carmodel",
  "pk": 96,
  "fields": {
    "brand": 32,
    "name": "Duster"
  }
},
{
  "model": "catalog.carmodel",
  "pk": 97,
  "fields": {
    "brand": 32,
    "name": "Logan"
  }
},
{
  "model": "catalog.carmodel",
  "pk": 98,
  "fields": {
    "brand": 32,
    "name": "Megane"
  }
},
{
  "model": "catalog.carmodel",
  "pk": 99,
  "fields": {
    "brand": 1,
    "name": "4Runner"
  }
},
{
  "model": "catalog.carmodel",
  "pk": 100,
  "fields": {
    "brand": 1,
    "name": "Alphard"
  }
},
{
  "model": "catalog.carmodel",
  "pk": 101,
  "fields": {
    "brand": 1,
    "name": "Aqua"
  }
},
{
  "model": "catalog.carmodel",
  "pk": 102,
  "fields": {
    "brand": 1,
    "name": "Avalon"
  }
},
{
  "model": "catalog.carmodel",
  "pk": 103,
  "fields": {
    "brand": 1,
    "name": "Avensis"
  }
},
{
  "model": "catalog.carmodel",
  "pk": 104,
  "fields": {
    "brand": 1,
    "name": "bB"
  }
},
{
  "model": "catalog.carmodel",
  "pk": 105,
  "fields": {
    "brand": 1,
    "name": "Corolla Cross"
  }
},
{
  "model": "catalog.carmodel",
  "pk": 106,
  "fields": {
    "brand": 1,
    "name": "Corolla Fielder"
  }
},
{
  "model": "catalog.carmodel",
  "pk": 107,
  "fields": {
    "brand": 1,
    "name": "Corolla Rumion"
  }
},
{
  "model": "catalog.carmodel",
  "pk": 108,
  "fields": {
    "brand": 1,
    "name": "Crown"
  }
},
{
  "model": "catalog.carmodel",
  "pk": 109,
  "fields": {
    "brand": 1,
    "name": "Estima"
  }
},
{
  "model": "catalog.carmodel",
  "pk": 110,
  "fields": {
    "brand": 1,
    "name": "FJ Cruiser"
  }
},
{
  "model": "catalog.carmodel",
  "pk": 111,
  "fields": {
    "brand": 1,
    "name": "Fortuner"
  }
},
{
  "model": "catalog.carmodel",
  "pk": 112,
  "fields": {
    "brand": 1,
    "name": "Harrier"
  }
},
{
  "model": "catalog.carmodel",
  "pk": 113,
  "fields": {
    "brand": 1,
    "name": "Hiace"
  }
},
{
  "model": "catalog.carmodel",
  "pk": 114,
  "fields": {
    "brand": 1,
    "name": "Highlander"
  }
},
{
  "model": "catalog.carmodel",
  "pk": 115,
  "fields": {
    "brand": 1,
    "name": "Hilux"
  }
},
{
  "model": "catalog.carmodel",
  "pk": 116,
  "fields": {
    "brand": 1,
    "name": "Ipsum"
  }
},
{
  "model": "catalog.carmodel",
  "pk": 117,
  "fields": {
    "brand": 1,
    "name": "Ist"
  }
},
{
  "model": "catalog.carmodel",
  "pk": 118,
  "fields": {
    "brand": 1,
    "name": "Land Cruiser 100"
  }
},
{
  "model": "catalog.carmodel",
  "pk": 119,
  "fields": {
    "brand": 1,
    "name": "Land Cruiser 200"
  }
},
{
  "model": "catalog.carmodel",
  "pk": 120,
  "fields": {
    "brand": 1,
    "name": "Land Cruiser 300"
  }
},
{
  "model": "catalog.carmodel",
  "pk": 121,
  "fields": {
    "brand": 1,
    "name": "Land Cruiser Prado"
  }
},
{
  "model": "catalog.carmodel",
  "pk": 122,
  "fields": {
    "brand": 1,
    "name": "Mark II"
  }
},
{
  "model": "catalog.carmodel",
  "pk": 123,
  "fields": {
    "brand": 1,
    "name": "Passo"
  }
},
{
  "model": "catalog.carmodel",
  "pk": 124,
  "fields": {
    "brand": 1,
    "name": "Picnic"
  }
},
{
  "model": "catalog.carmodel",
  "pk": 125,
  "fields": {
    "brand": 1,
    "name": "Prius"
  }
},
{
  "model": "catalog.carmodel",
  "pk": 126,
  "fields": {
    "brand": 1,
    "name": "Prius Alpha"
  }
},
{
  "model": "catalog.carmodel",
  "pk": 127,
  "fields": {
    "brand": 1,
    "name": "Ractis"
  }
},
{
  "model": "catalog.carmodel",
  "pk": 128,
  "fields": {
    "brand": 1,
    "name": "Raum"
  }
},
{
  "model": "catalog.carmodel",
  "pk": 129,
  "fields": {
    "brand": 1,
    "name": "Sequoia"
  }
},
{
  "model": "catalog.carmodel",
  "pk": 130,
  "fields": {
    "brand": 1,
    "name": "Sienna"
  }
},
{
  "model": "catalog.carmodel",
  "pk": 131,
  "fields": {
    "brand": 1,
    "name": "Surf"
  }
},
{
  "model": "catalog.carmodel",
  "pk": 132,
  "fields": {
    "brand": 1,
    "name": "Tundra"
  }
},
{
  "model": "catalog.carmodel",
  "pk": 133,
  "fields": {
    "brand": 1,
    "name": "Venza"
  }
},
{
  "model": "catalog.carmodel",
  "pk": 134,
  "fields": {
    "brand": 1,
    "name": "Vitz"
  }
},
{
  "model": "catalog.carmodel",
  "pk": 135,
  "fields": {
    "brand": 1,
    "name": "Yaris"
  }
},
{
  "model": "catalog.carmodel",
  "pk": 136,
  "fields": {
    "brand": 2,
    "name": "CT 200h"
  }
},
{
  "model": "catalog.carmodel",
  "pk": 137,
  "fields": {
    "brand": 2,
    "name": "ES 250"
  }
},
{
  "model": "catalog.carmodel",
  "pk": 138,
  "fields": {
    "brand": 2,
    "name": "ES 300"
  }
},
{
  "model": "catalog.carmodel",
  "pk": 139,
  "fields": {
    "brand": 2,
    "name": "ES 350"
  }
},
{
  "model": "catalog.carmodel",
  "pk": 140,
  "fields": {
    "brand": 2,
    "name": "GX 460"
  }
},
{
  "model": "catalog.carmodel",
  "pk": 141,
  "fields": {
    "brand": 2,
    "name": "GX 470"
  }
},
{
  "model": "catalog.carmodel",
  "pk": 142,
  "fields": {
    "brand": 2,
    "name": "IS 200"
  }
},
{
  "model": "catalog.carmodel",
  "pk": 143,
  "fields": {
    "brand": 2,
    "name": "IS 250"
  }
},
{
  "model": "catalog.carmodel",
  "pk": 144,
  "fields": {
    "brand": 2,
    "name": "IS 300"
  }
},
{
  "model": "catalog.carmodel",
  "pk": 145,
  "fields": {
    "brand": 2,
    "name": "IS 350"
  }
},
{
  "model": "catalog.carmodel",
  "pk": 146,
  "fields": {
    "brand": 2,
    "name": "LX 470"
  }
},
{
  "model": "catalog.carmodel",
  "pk": 147,
  "fields": {
    "brand": 2,
    "name": "LX 570"
  }
},
{
  "model": "catalog.carmodel",
  "pk": 148,
  "fields": {
    "brand": 2,
    "name": "LX 600"
  }
},
{
  "model": "catalog.carmodel",
  "pk": 149,
  "fields": {
    "brand": 2,
    "name": "NX 200"
  }
},
{
  "model": "catalog.carmodel",
  "pk": 150,
  "fields": {
    "brand": 2,
    "name": "NX 200t"
  }
},
{
  "model": "catalog.carmodel",
  "pk": 151,
  "fields": {
    "brand": 2,
    "name": "NX 300"
  }
},
{
  "model": "catalog.carmodel",
  "pk": 152,
  "fields": {
    "brand": 2,
    "name": "NX 350"
  }
},
{
  "model": "catalog.carmodel",
  "pk": 153,
  "fields": {
    "brand": 2,
    "name": "RX 270"
  }
},
{
  "model": "catalog.carmodel",
  "pk": 154,
  "fields": {
    "brand": 2,
    "name": "RX 300"
  }
},
{
  "model": "catalog.carmodel",
  "pk": 155,
  "fields": {
    "brand": 2,
    "name": "RX 330"
  }
},
{
  "model": "catalog.carmodel",
  "pk": 156,
  "fields": {
    "brand": 2,
    "name": "RX 350"
  }
},
{
  "model": "catalog.carmodel",
  "pk": 157,
  "fields": {
    "brand": 2,
    "name": "RX 400h"
  }
},
{
  "model": "catalog.carmodel",
  "pk": 158,
  "fields": {
    "brand": 2,
    "name": "RX 450h"
  }
},
{
  "model": "catalog.carmodel",
  "pk": 159,
  "fields": {
    "brand": 3,
    "name": "Altima"
  }
},
{
  "model": "catalog.carmodel",
  "pk": 160,
  "fields": {
    "brand": 3,
    "name": "Almera"
  }
},
{
  "model": "catalog.carmodel",
  "pk": 161,
  "fields": {
    "brand": 3,
    "name": "Armada"
  }
},
{
  "model": "catalog.carmodel",
  "pk": 162,
  "fields": {
    "brand": 3,
    "name": "Bluebird"
  }
},
{
  "model": "catalog.carmodel",
  "pk": 163,
  "fields": {
    "brand": 3,
    "name": "Cube"
  }
},
{
  "model": "catalog.carmodel",
  "pk": 164,
  "fields": {
    "brand": 3,
    "name": "Juke"
  }
},
{
  "model": "catalog.carmodel",
  "pk": 165,
  "fields": {
    "brand": 3,
    "name": "Leaf"
  }
},
{
  "model": "catalog.carmodel",
  "pk": 166,
  "fields": {
    "brand": 3,
    "name": "Maxima"
  }
},
{
  "model": "catalog.carmodel",
  "pk": 167,
  "fields": {
    "brand": 3,
    "name": "Micra"
  }
},
{
  "model": "catalog.carmodel",
  "pk": 168,
  "fields": {
    "brand": 3,
    "name": "Murano"
  }
},
{
  "model": "catalog.carmodel",
  "pk": 169,
  "fields": {
    "brand": 3,
    "name": "Navara"
  }
},
{
  "model": "catalog.carmodel",
  "pk": 170,
  "fields": {
    "brand": 3,
    "name": "Note"
  }
},
{
  "model": "catalog.carmodel",
  "pk": 171,
  "fields": {
    "brand": 3,
    "name": "Pathfinder"
  }
},
{
  "model": "catalog.carmodel",
  "pk": 172,
  "fields": {
    "brand": 3,
    "name": "Primera"
  }
},
{
  "model": "catalog.carmodel",
  "pk": 173,
  "fields": {
    "brand": 3,
    "name": "Serena"
  }
},
{
  "model": "catalog.carmodel",
  "pk": 174,
  "fields": {
    "brand": 3,
    "name": "Sunny"
  }
},
{
  "model": "catalog.carmodel",
  "pk": 175,
  "fields": {
    "brand": 3,
    "name": "Terrano"
  }
},
{
  "model": "catalog.carmodel",
  "pk": 176,
  "fields": {
    "brand": 3,
    "name": "Tiida"
  }
},
{
  "model": "catalog.carmodel",
  "pk": 177,
  "fields": {
    "brand": 33,
    "name": "EX35"
  }
},
{
  "model": "catalog.carmodel",
  "pk": 178,
  "fields": {
    "brand": 33,
    "name": "FX35"
  }
},
{
  "model": "catalog.carmodel",
  "pk": 179,
  "fields": {
    "brand": 33,
    "name": "FX37"
  }
},
{
  "model": "catalog.carmodel",
  "pk": 180,
  "fields": {
    "brand": 33,
    "name": "FX45"
  }
},
{
  "model": "catalog.carmodel",
  "pk": 181,
  "fields": {
    "brand": 33,
    "name": "FX50"
  }
},
{
  "model": "catalog.carmodel",
  "pk": 182,
  "fields": {
    "brand": 33,
    "name": "G25"
  }
},
{
  "model": "catalog.carmodel",
  "pk": 183,
  "fields": {
    "brand": 33,
    "name": "G35"
  }
},
{
  "model": "catalog.carmodel",
  "pk": 184,
  "fields": {
    "brand": 33,
    "name": "G37"
  }
},
{
  "model": "catalog.carmodel",
  "pk": 185,
  "fields": {
    "brand": 33,
    "name": "M35"
  }
},
{
  "model": "catalog.carmodel",
  "pk": 186,
  "fields": {
    "brand": 33,
    "name": "M37"
  }
},
{
  "model": "catalog.carmodel",
  "pk": 187,
  "fields": {
    "brand": 33,
    "name": "Q50"
  }
},
{
  "model": "catalog.carmodel",
  "pk": 188,
  "fields": {
    "brand": 33,
    "name": "Q60"
  }
},
{
  "model": "catalog.carmodel",
  "pk": 189,
  "fields": {
    "brand": 33,
    "name": "Q70"
  }
},
{
  "model": "catalog.carmodel",
  "pk": 190,
  "fields": {
    "brand": 33,
    "name": "QX50"
  }
},
{
  "model": "catalog.carmodel",
  "pk": 191,
  "fields": {
    "brand": 33,
    "name": "QX56"
  }
},
{
  "model": "catalog.carmodel",
  "pk": 192,
  "fields": {
    "brand": 33,
    "name": "QX60"
  }
},
{
  "model": "catalog.carmodel",
  "pk": 193,
  "fields": {
    "brand": 33,
    "name": "QX70"
  }
},
{
  "model": "catalog.carmodel",
  "pk": 194,
  "fields": {
    "brand": 33,
    "name": "QX80"
  }
},
{
  "model": "catalog.carmodel",
  "pk": 195,
  "fields": {
    "brand": 4,
    "name": "Crosstour"
  }
},
{
  "model": "catalog.carmodel",
  "pk": 196,
  "fields": {
    "brand": 4,
    "name": "Fit"
  }
},
{
  "model": "catalog.carmodel",
  "pk": 197,
  "fields": {
    "brand": 4,
    "name": "HR-V"
  }
},
{
  "model": "catalog.carmodel",
  "pk": 198,
  "fields": {
    "brand": 4,
    "name": "Insight"
  }
},
{
  "model": "catalog.carmodel",
  "pk": 199,
  "fields": {
    "brand": 4,
    "name": "Jazz"
  }
},
{
  "model": "catalog.carmodel",
  "pk": 200,
  "fields": {
    "brand": 4,
    "name": "Legend"
  }
},
{
  "model": "catalog.carmodel",
  "pk": 201,
  "fields": {
    "brand": 4,
    "name": "Odyssey"
  }
},
{
  "model": "catalog.carmodel",
  "pk": 202,
  "fields": {
    "brand": 4,
    "name": "Pilot"
  }
},
{
  "model": "catalog.carmodel",
  "pk": 203,
  "fields": {
    "brand": 4,
    "name": "Stepwgn"
  }
},
{
  "model": "catalog.carmodel",
  "pk": 204,
  "fields": {
    "brand": 4,
    "name": "Stream"
  }
},
{
  "model": "catalog.carmodel",
  "pk": 205,
  "fields": {
    "brand": 5,
    "name": "CX-3"
  }
},
{
  "model": "catalog.carmodel",
  "pk": 206,
  "fields": {
    "brand": 5,
    "name": "CX-7"
  }
},
{
  "model": "catalog.carmodel",
  "pk": 207,
  "fields": {
    "brand": 5,
    "name": "Demio"
  }
},
{
  "model": "catalog.carmodel",
  "pk": 208,
  "fields": {
    "brand": 5,
    "name": "Mazda2"
  }
},
{
  "model": "catalog.carmodel",
  "pk": 209,
  "fields": {
    "brand": 5,
    "name": "Mazda3"
  }
},
{
  "model": "catalog.carmodel",
  "pk": 210,
  "fields": {
    "brand": 5,
    "name": "Mazda5"
  }
},
{
  "model": "catalog.carmodel",
  "pk": 211,
  "fields": {
    "brand": 5,
    "name": "Mazda6"
  }
},
{
  "model": "catalog.carmodel",
  "pk": 212,
  "fields": {
    "brand": 5,
    "name": "MPV"
  }
},
{
  "model": "catalog.carmodel",
  "pk": 213,
  "fields": {
    "brand": 5,
    "name": "Premacy"
  }
},
{
  "model": "catalog.carmodel",
  "pk": 214,
  "fields": {
    "brand": 5,
    "name": "RX-8"
  }
},
{
  "model": "catalog.carmodel",
  "pk": 215,
  "fields": {
    "brand": 5,
    "name": "Tribute"
  }
},
{
  "model": "catalog.carmodel",
  "pk": 216,
  "fields": {
    "brand": 6,
    "name": "Impreza"
  }
},
{
  "model": "catalog.carmodel",
  "pk": 217,
  "fields": {
    "brand": 6,
    "name": "Legacy"
  }
},
{
  "model": "catalog.carmodel",
  "pk": 218,
  "fields": {
    "brand": 6,
    "name": "Tribeca"
  }
},
{
  "model": "catalog.carmodel",
  "pk": 219,
  "fields": {
    "brand": 6,
    "name": "WRX"
  }
},
{
  "model": "catalog.carmodel",
  "pk": 220,
  "fields": {
    "brand": 7,
    "name": "ASX"
  }
},
{
  "model": "catalog.carmodel",
  "pk": 221,
  "fields": {
    "brand": 7,
    "name": "Colt"
  }
},
{
  "model": "catalog.carmodel",
  "pk": 222,
  "fields": {
    "brand": 7,
    "name": "Delica"
  }
},
{
  "model": "catalog.carmodel",
  "pk": 223,
  "fields": {
    "brand": 7,
    "name": "Eclipse Cross"
  }
},
{
  "model": "catalog.carmodel",
  "pk": 224,
  "fields": {
    "brand": 7,
    "name": "Galant"
  }
},
{
  "model": "catalog.carmodel",
  "pk": 225,
  "fields": {
    "brand": 7,
    "name": "Lancer"
  }
},
{
  "model": "catalog.carmodel",
  "pk": 226,
  "fields": {
    "brand": 7,
    "name": "Montero"
  }
},
{
  "model": "catalog.carmodel",
  "pk": 227,
  "fields": {
    "brand": 7,
    "name": "Pajero Sport"
  }
},
{
  "model": "catalog.carmodel",
  "pk": 228,
  "fields": {
    "brand": 8,
    "name": "Escudo"
  }
},
{
  "model": "catalog.carmodel",
  "pk": 229,
  "fields": {
    "brand": 8,
    "name": "Jimny"
  }
},
{
  "model": "catalog.carmodel",
  "pk": 230,
  "fields": {
    "brand": 8,
    "name": "Swift"
  }
},
{
  "model": "catalog.carmodel",
  "pk": 231,
  "fields": {
    "brand": 8,
    "name": "Vitara"
  }
},
{
  "model": "catalog.carmodel",
  "pk": 232,
  "fields": {
    "brand": 34,
    "name": "A-Class"
  }
},
{
  "model": "catalog.carmodel",
  "pk": 233,
  "fields": {
    "brand": 34,
    "name": "B-Class"
  }
},
{
  "model": "catalog.carmodel",
  "pk": 234,
  "fields": {
    "brand": 34,
    "name": "C-Class"
  }
},
{
  "model": "catalog.carmodel",
  "pk": 235,
  "fields": {
    "brand": 34,
    "name": "CLA"
  }
},
{
  "model": "catalog.carmodel",
  "pk": 236,
  "fields": {
    "brand": 34,
    "name": "CLC"
  }
},
{
  "model": "catalog.carmodel",
  "pk": 237,
  "fields": {
    "brand": 34,
    "name": "CLK"
  }
},
{
  "model": "catalog.carmodel",
  "pk": 238,
  "fields": {
    "brand": 34,
    "name": "CLS"
  }
},
{
  "model": "catalog.carmodel",
  "pk": 239,
  "fields": {
    "brand": 34,
    "name": "E-Class"
  }
},
{
  "model": "catalog.carmodel",
  "pk": 240,
  "fields": {
    "brand": 34,
    "name": "G-Class"
  }
},
{
  "model": "catalog.carmodel",
  "pk": 241,
  "fields": {
    "brand": 34,
    "name": "GLA"
  }
},
{
  "model": "catalog.carmodel",
  "pk": 242,
  "fields": {
    "brand": 34,
    "name": "GLB"
  }
},
{
  "model": "catalog.carmodel",
  "pk": 243,
  "fields": {
    "brand": 34,
    "name": "GLC"
  }
},
{
  "model": "catalog.carmodel",
  "pk": 244,
  "fields": {
    "brand": 34,
    "name": "GLE"
  }
},
{
  "model": "catalog.carmodel",
  "pk": 245,
  "fields": {
    "brand": 34,
    "name": "GLK"
  }
},
{
  "model": "catalog.carmodel",
  "pk": 246,
  "fields": {
    "brand": 34,
    "name": "GLS"
  }
},
{
  "model": "catalog.carmodel",
  "pk": 247,
  "fields": {
    "brand": 34,
    "name": "M-Class"
  }
},
{
  "model": "catalog.carmodel",
  "pk": 248,
  "fields": {
    "brand": 34,
    "name": "S-Class"
  }
},
{
  "model": "catalog.carmodel",
  "pk": 249,
  "fields": {
    "brand": 34,
    "name": "SL"
  }
},
{
  "model": "catalog.carmodel",
  "pk": 250,
  "fields": {
    "brand": 34,
    "name": "Sprinter"
  }
},
{
  "model": "catalog.carmodel",
  "pk": 251,
  "fields": {
    "brand": 34,
    "name": "V-Class"
  }
},
{
  "model": "catalog.carmodel",
  "pk": 252,
  "fields": {
    "brand": 34,
    "name": "Vito"
  }
},
{
  "model": "catalog.carmodel",
  "pk": 253,
  "fields": {
    "brand": 13,
    "name": "1 Series"
  }
},
{
  "model": "catalog.carmodel",
  "pk": 254,
  "fields": {
    "brand": 13,
    "name": "2 Series"
  }
},
{
  "model": "catalog.carmodel",
  "pk": 255,
  "fields": {
    "brand": 13,
    "name": "4 Series"
  }
},
{
  "model": "catalog.carmodel",
  "pk": 256,
  "fields": {
    "brand": 13,
    "name": "6 Series"
  }
},
{
  "model": "catalog.carmodel",
  "pk": 257,
  "fields": {
    "brand": 13,
    "name": "7 Series"
  }
},
{
  "model": "catalog.carmodel",
  "pk": 258,
  "fields": {
    "brand": 13,
    "name": "8 Series"
  }
},
{
  "model": "catalog.carmodel",
  "pk": 259,
  "fields": {
    "brand": 13,
    "name": "X1"
  }
},
{
  "model": "catalog.carmodel",
  "pk": 260,
  "fields": {
    "brand": 13,
    "name": "X2"
  }
},
{
  "model": "catalog.carmodel",
  "pk": 261,
  "fields": {
    "brand": 13,
    "name": "X3"
  }
},
{
  "model": "catalog.carmodel",
  "pk": 262,
  "fields": {
    "brand": 13,
    "name": "X4"
  }
},
{
  "model": "catalog.carmodel",
  "pk": 263,
  "fields": {
    "brand": 13,
    "name": "X7"
  }
},
{
  "model": "catalog.carmodel",
  "pk": 264,
  "fields": {
    "brand": 13,
    "name": "Z4"
  }
},
{
  "model": "catalog.carmodel",
  "pk": 265,
  "fields": {
    "brand": 15,
    "name": "A3"
  }
},
{
  "model": "catalog.carmodel",
  "pk": 266,
  "fields": {
    "brand": 15,
    "name": "A5"
  }
},
{
  "model": "catalog.carmodel",
  "pk": 267,
  "fields": {
    "brand": 15,
    "name": "A7"
  }
},
{
  "model": "catalog.carmodel",
  "pk": 268,
  "fields": {
    "brand": 15,
    "name": "A8"
  }
},
{
  "model": "catalog.carmodel",
  "pk": 269,
  "fields": {
    "brand": 15,
    "name": "Q3"
  }
},
{
  "model": "catalog.carmodel",
  "pk": 270,
  "fields": {
    "brand": 15,
    "name": "Q8"
  }
},
{
  "model": "catalog.carmodel",
  "pk": 271,
  "fields": {
    "brand": 15,
    "name": "TT"
  }
},
{
  "model": "catalog.carmodel",
  "pk": 272,
  "fields": {
    "brand": 16,
    "name": "Amarok"
  }
},
{
  "model": "catalog.carmodel",
  "pk": 273,
  "fields": {
    "brand": 16,
    "name": "Arteon"
  }
},
{
  "model": "catalog.carmodel",
  "pk": 274,
  "fields": {
    "brand": 16,
    "name": "Caddy"
  }
},
{
  "model": "catalog.carmodel",
  "pk": 275,
  "fields": {
    "brand": 16,
    "name": "Golf"
  }
},
{
  "model": "catalog.carmodel",
  "pk": 276,
  "fields": {
    "brand": 16,
    "name": "Jetta"
  }
},
{
  "model": "catalog.carmodel",
  "pk": 277,
  "fields": {
    "brand": 16,
    "name": "Multivan"
  }
},
{
  "model": "catalog.carmodel",
  "pk": 278,
  "fields": {
    "brand": 16,
    "name": "Sharan"
  }
},
{
  "model": "catalog.carmodel",
  "pk": 279,
  "fields": {
    "brand": 16,
    "name": "Touareg"
  }
},
{
  "model": "catalog.carmodel",
  "pk": 280,
  "fields": {
    "brand": 16,
    "name": "Touran"
  }
},
{
  "model": "catalog.carmodel",
  "pk": 281,
  "fields": {
    "brand": 16,
    "name": "Transporter"
  }
},
{
  "model": "catalog.carmodel",
  "pk": 282,
  "fields": {
    "brand": 35,
    "name": "Astra"
  }
},
{
  "model": "catalog.carmodel",
  "pk": 283,
  "fields": {
    "brand": 35,
    "name": "Combo"
  }
},
{
  "model": "catalog.carmodel",
  "pk": 284,
  "fields": {
    "brand": 35,
    "name": "Corsa"
  }
},
{
  "model": "catalog.carmodel",
  "pk": 285,
  "fields": {
    "brand": 35,
    "name": "Insignia"
  }
},
{
  "model": "catalog.carmodel",
  "pk": 286,
  "fields": {
    "brand": 35,
    "name": "Meriva"
  }
},
{
  "model": "catalog.carmodel",
  "pk": 287,
  "fields": {
    "brand": 35,
    "name": "Vectra"
  }
},
{
  "model": "catalog.carmodel",
  "pk": 288,
  "fields": {
    "brand": 35,
    "name": "Zafira"
  }
},
{
  "model": "catalog.carmodel",
  "pk": 289,
  "fields": {
    "brand": 19,
    "name": "Aveo"
  }
},
{
  "model": "catalog.carmodel",
  "pk": 290,
  "fields": {
    "brand": 19,
    "name": "Camaro"
  }
},
{
  "model": "catalog.carmodel",
  "pk": 291,
  "fields": {
    "brand": 19,
    "name": "Cobalt"
  }
},
{
  "model": "catalog.carmodel",
  "pk": 292,
  "fields": {
    "brand": 19,
    "name": "Colorado"
  }
},
{
  "model": "catalog.carmodel",
  "pk": 293,
  "fields": {
    "brand": 19,
    "name": "Epica"
  }
},
{
  "model": "catalog.carmodel",
  "pk": 294,
  "fields": {
    "brand": 19,
    "name": "Equinox"
  }
},
{
  "model": "catalog.carmodel",
  "pk": 295,
  "fields": {
    "brand": 19,
    "name": "Lacetti"
  }
},
{
  "model": "catalog.carmodel",
  "pk": 296,
  "fields": {
    "brand": 19,
    "name": "Niva"
  }
},
{
  "model": "catalog.carmodel",
  "pk": 297,
  "fields": {
    "brand": 19,
    "name": "Silverado"
  }
},
{
  "model": "catalog.carmodel",
  "pk": 298,
  "fields": {
    "brand": 19,
    "name": "Spark"
  }
},
{
  "model": "catalog.carmodel",
  "pk": 299,
  "fields": {
    "brand": 19,
    "name": "Suburban"
  }
},
{
  "model": "catalog.carmodel",
  "pk": 300,
  "fields": {
    "brand": 19,
    "name": "Tracker"
  }
},
{
  "model": "catalog.carmodel",
  "pk": 301,
  "fields": {
    "brand": 19,
    "name": "TrailBlazer"
  }
},
{
  "model": "catalog.carmodel",
  "pk": 302,
  "fields": {
    "brand": 20,
    "name": "C-Max"
  }
},
{
  "model": "catalog.carmodel",
  "pk": 303,
  "fields": {
    "brand": 20,
    "name": "EcoSport"
  }
},
{
  "model": "catalog.carmodel",
  "pk": 304,
  "fields": {
    "brand": 20,
    "name": "Edge"
  }
},
{
  "model": "catalog.carmodel",
  "pk": 305,
  "fields": {
    "brand": 20,
    "name": "Escape"
  }
},
{
  "model": "catalog.carmodel",
  "pk": 306,
  "fields": {
    "brand": 20,
    "name": "Fiesta"
  }
},
{
  "model": "catalog.carmodel",
  "pk": 307,
  "fields": {
    "brand": 20,
    "name": "Fusion"
  }
},
{
  "model": "catalog.carmodel",
  "pk": 308,
  "fields": {
    "brand": 20,
    "name": "Kuga"
  }
},
{
  "model": "catalog.carmodel",
  "pk": 309,
  "fields": {
    "brand": 20,
    "name": "Mondeo"
  }
},
{
  "model": "catalog.carmodel",
  "pk": 310,
  "fields": {
    "brand": 20,
    "name": "Mustang"
  }
},
{
  "model": "catalog.carmodel",
  "pk": 311,
  "fields": {
    "brand": 20,
    "name": "Ranger"
  }
},
{
  "model": "catalog.carmodel",
  "pk": 312,
  "fields": {
    "brand": 20,
    "name": "S-Max"
  }
},
{
  "model": "catalog.carmodel",
  "pk": 313,
  "fields": {
    "brand": 20,
    "name": "Transit"
  }
},
{
  "model": "catalog.carmodel",
  "pk": 314,
  "fields": {
    "brand": 21,
    "name": "Cherokee"
  }
},
{
  "model": "catalog.carmodel",
  "pk": 315,
  "fields": {
    "brand": 21,
    "name": "Compass"
  }
},
{
  "model": "catalog.carmodel",
  "pk": 316,
  "fields": {
    "brand": 21,
    "name": "Patriot"
  }
},
{
  "model": "catalog.carmodel",
  "pk": 317,
  "fields": {
    "brand": 21,
    "name": "Renegade"
  }
},
{
  "model": "catalog.carmodel",
  "pk": 318,
  "fields": {
    "brand": 36,
    "name": "Caliber"
  }
},
{
  "model": "catalog.carmodel",
  "pk": 319,
  "fields": {
    "brand": 36,
    "name": "Challenger"
  }
},
{
  "model": "catalog.carmodel",
  "pk": 320,
  "fields": {
    "brand": 36,
    "name": "Charger"
  }
},
{
  "model": "catalog.carmodel",
  "pk": 321,
  "fields": {
    "brand": 36,
    "name": "Durango"
  }
},
{
  "model": "catalog.carmodel",
  "pk": 322,
  "fields": {
    "brand": 36,
    "name": "Journey"
  }
},
{
  "model": "catalog.carmodel",
  "pk": 323,
  "fields": {
    "brand": 36,
    "name": "RAM"
  }
},
{
  "model": "catalog.carmodel",
  "pk": 324,
  "fields": {
    "brand": 37,
    "name": "CTS"
  }
},
{
  "model": "catalog.carmodel",
  "pk": 325,
  "fields": {
    "brand": 37,
    "name": "Escalade"
  }
},
{
  "model": "catalog.carmodel",
  "pk": 326,
  "fields": {
    "brand": 37,
    "name": "SRX"
  }
},
{
  "model": "catalog.carmodel",
  "pk": 327,
  "fields": {
    "brand": 37,
    "name": "XT5"
  }
},
{
  "model": "catalog.carmodel",
  "pk": 328,
  "fields": {
    "brand": 38,
    "name": "200"
  }
},
{
  "model": "catalog.carmodel",
  "pk": 329,
  "fields": {
    "brand": 38,
    "name": "300"
  }
},
{
  "model": "catalog.carmodel",
  "pk": 330,
  "fields": {
    "brand": 38,
    "name": "Pacifica"
  }
},
{
  "model": "catalog.carmodel",
  "pk": 331,
  "fields": {
    "brand": 38,
    "name": "Voyager"
  }
},
{
  "model": "catalog.carmodel",
  "pk": 332,
  "fields": {
    "brand": 9,
    "name": "Creta"
  }
},
{
  "model": "catalog.carmodel",
  "pk": 333,
  "fields": {
    "brand": 9,
    "name": "Genesis"
  }
},
{
  "model": "catalog.carmodel",
  "pk": 334,
  "fields": {
    "brand": 9,
    "name": "Getz"
  }
},
{
  "model": "catalog.carmodel",
  "pk": 335,
  "fields": {
    "brand": 9,
    "name": "Grandeur"
  }
},
{
  "model": "catalog.carmodel",
  "pk": 336,
  "fields": {
    "brand": 9,
    "name": "H-1"
  }
},
{
  "model": "catalog.carmodel",
  "pk": 337,
  "fields": {
    "brand": 9,
    "name": "i30"
  }
},
{
  "model": "catalog.carmodel",
  "pk": 338,
  "fields": {
    "brand": 9,
    "name": "ix35"
  }
},
{
  "model": "catalog.carmodel",
  "pk": 339,
  "fields": {
    "brand": 9,
    "name": "Palisade"
  }
},
{
  "model": "catalog.carmodel",
  "pk": 340,
  "fields": {
    "brand": 9,
    "name": "Solaris"
  }
},
{
  "model": "catalog.carmodel",
  "pk": 341,
  "fields": {
    "brand": 9,
    "name": "Sonata"
  }
},
{
  "model": "catalog.carmodel",
  "pk": 342,
  "fields": {
    "brand": 9,
    "name": "Starex"
  }
},
{
  "model": "catalog.carmodel",
  "pk": 343,
  "fields": {
    "brand": 9,
    "name": "Veloster"
  }
},
{
  "model": "catalog.carmodel",
  "pk": 344,
  "fields": {
    "brand": 10,
    "name": "Carens"
  }
},
{
  "model": "catalog.carmodel",
  "pk": 345,
  "fields": {
    "brand": 10,
    "name": "Carnival"
  }
},
{
  "model": "catalog.carmodel",
  "pk": 346,
  "fields": {
    "brand": 10,
    "name": "Ceed"
  }
},
{
  "model": "catalog.carmodel",
  "pk": 347,
  "fields": {
    "brand": 10,
    "name": "K5"
  }
},
{
  "model": "catalog.carmodel",
  "pk": 348,
  "fields": {
    "brand": 10,
    "name": "K7"
  }
},
{
  "model": "catalog.carmodel",
  "pk": 349,
  "fields": {
    "brand": 10,
    "name": "Mohave"
  }
},
{
  "model": "catalog.carmodel",
  "pk": 350,
  "fields": {
    "brand": 10,
    "name": "Optima"
  }
},
{
  "model": "catalog.carmodel",
  "pk": 351,
  "fields": {
    "brand": 10,
    "name": "Picanto"
  }
},
{
  "model": "catalog.carmodel",
  "pk": 352,
  "fields": {
    "brand": 10,
    "name": "Seltos"
  }
},
{
  "model": "catalog.carmodel",
  "pk": 353,
  "fields": {
    "brand": 10,
    "name": "Soul"
  }
},
{
  "model": "catalog.carmodel",
  "pk": 354,
  "fields": {
    "brand": 10,
    "name": "Stinger"
  }
},
{
  "model": "catalog.carmodel",
  "pk": 355,
  "fields": {
    "brand": 11,
    "name": "G90"
  }
},
{
  "model": "catalog.carmodel",
  "pk": 356,
  "fields": {
    "brand": 11,
    "name": "GV70"
  }
},
{
  "model": "catalog.carmodel",
  "pk": 357,
  "fields": {
    "brand": 39,
    "name": "Gentra"
  }
},
{
  "model": "catalog.carmodel",
  "pk": 358,
  "fields": {
    "brand": 39,
    "name": "Lanos"
  }
},
{
  "model": "catalog.carmodel",
  "pk": 359,
  "fields": {
    "brand": 39,
    "name": "Matiz"
  }
},
{
  "model": "catalog.carmodel",
  "pk": 360,
  "fields": {
    "brand": 39,
    "name": "Nexia"
  }
},
{
  "model": "catalog.carmodel",
  "pk": 361,
  "fields": {
    "brand": 23,
    "name": "Arrizo 5"
  }
},
{
  "model": "catalog.carmodel",
  "pk": 362,
  "fields": {
    "brand": 23,
    "name": "Arrizo 8"
  }
},
{
  "model": "catalog.carmodel",
  "pk": 363,
  "fields": {
    "brand": 23,
    "name": "Tiggo 2"
  }
},
{
  "model": "catalog.carmodel",
  "pk": 364,
  "fields": {
    "brand": 23,
    "name": "Tiggo 7 Pro"
  }
},
{
  "model": "catalog.carmodel",
  "pk": 365,
  "fields": {
    "brand": 23,
    "name": "Tiggo 8 Pro"
  }
},
{
  "model": "catalog.carmodel",
  "pk": 366,
  "fields": {
    "brand": 24,
    "name": "Dargo"
  }
},
{
  "model": "catalog.carmodel",
  "pk": 367,
  "fields": {
    "brand": 24,
    "name": "F7x"
  }
},
{
  "model": "catalog.carmodel",
  "pk": 368,
  "fields": {
    "brand": 24,
    "name": "H5"
  }
},
{
  "model": "catalog.carmodel",
  "pk": 369,
  "fields": {
    "brand": 24,
    "name": "M6"
  }
},
{
  "model": "catalog.carmodel",
  "pk": 370,
  "fields": {
    "brand": 22,
    "name": "Monjaro"
  }
},
{
  "model": "catalog.carmodel",
  "pk": 371,
  "fields": {
    "brand": 22,
    "name": "Tugella"
  }
},
{
  "model": "catalog.carmodel",
  "pk": 372,
  "fields": {
    "brand": 40,
    "name": "Alsvin"
  }
},
{
  "model": "catalog.carmodel",
  "pk": 373,
  "fields": {
    "brand": 40,
    "name": "CS35"
  }
},
{
  "model": "catalog.carmodel",
  "pk": 374,
  "fields": {
    "brand": 40,
    "name": "CS55"
  }
},
{
  "model": "catalog.carmodel",
  "pk": 375,
  "fields": {
    "brand": 40,
    "name": "CS75"
  }
},
{
  "model": "catalog.carmodel",
  "pk": 376,
  "fields": {
    "brand": 40,
    "name": "UNI-K"
  }
},
{
  "model": "catalog.carmodel",
  "pk": 377,
  "fields": {
    "brand": 40,
    "name": "UNI-T"
  }
},
{
  "model": "catalog.carmodel",
  "pk": 378,
  "fields": {
    "brand": 40,
    "name": "UNI-V"
  }
},
{
  "model": "catalog.carmodel",
  "pk": 379,
  "fields": {
    "brand": 41,
    "name": "Dashing"
  }
},
{
  "model": "catalog.carmodel",
  "pk": 380,
  "fields": {
    "brand": 41,
    "name": "X70"
  }
},
{
  "model": "catalog.carmodel",
  "pk": 381,
  "fields": {
    "brand": 41,
    "name": "X90"
  }
},
{
  "model": "catalog.carmodel",
  "pk": 382,
  "fields": {
    "brand": 26,
    "name": "LX"
  }
},
{
  "model": "catalog.carmodel",
  "pk": 383,
  "fields": {
    "brand": 25,
    "name": "J7"
  }
},
{
  "model": "catalog.carmodel",
  "pk": 384,
  "fields": {
    "brand": 25,
    "name": "S7"
  }
},
{
  "model": "catalog.carmodel",
  "pk": 385,
  "fields": {
    "brand": 42,
    "name": "F3"
  }
},
{
  "model": "catalog.carmodel",
  "pk": 386,
  "fields": {
    "brand": 42,
    "name": "Han"
  }
},
{
  "model": "catalog.carmodel",
  "pk": 387,
  "fields": {
    "brand": 42,
    "name": "Song Plus"
  }
},
{
  "model": "catalog.carmodel",
  "pk": 388,
  "fields": {
    "brand": 42,
    "name": "Tang"
  }
},
{
  "model": "catalog.carmodel",
  "pk": 389,
  "fields": {
    "brand": 28,
    "name": "2101"
  }
},
{
  "model": "catalog.carmodel",
  "pk": 390,
  "fields": {
    "brand": 28,
    "name": "2104"
  }
},
{
  "model": "catalog.carmodel",
  "pk": 391,
  "fields": {
    "brand": 28,
    "name": "2105"
  }
},
{
  "model": "catalog.carmodel",
  "pk": 392,
  "fields": {
    "brand": 28,
    "name": "2106"
  }
},
{
  "model": "catalog.carmodel",
  "pk": 393,
  "fields": {
    "brand": 28,
    "name": "2107"
  }
},
{
  "model": "catalog.carmodel",
  "pk": 394,
  "fields": {
    "brand": 28,
    "name": "2108"
  }
},
{
  "model": "catalog.carmodel",
  "pk": 395,
  "fields": {
    "brand": 28,
    "name": "2109"
  }
},
{
  "model": "catalog.carmodel",
  "pk": 396,
  "fields": {
    "brand": 28,
    "name": "2110"
  }
},
{
  "model": "catalog.carmodel",
  "pk": 397,
  "fields": {
    "brand": 28,
    "name": "2111"
  }
},
{
  "model": "catalog.carmodel",
  "pk": 398,
  "fields": {
    "brand": 28,
    "name": "2112"
  }
},
{
  "model": "catalog.carmodel",
  "pk": 399,
  "fields": {
    "brand": 28,
    "name": "2113"
  }
},
{
  "model": "catalog.carmodel",
  "pk": 400,
  "fields": {
    "brand": 28,
    "name": "2114"
  }
},
{
  "model": "catalog.carmodel",
  "pk": 401,
  "fields": {
    "brand": 28,
    "name": "2115"
  }
},
{
  "model": "catalog.carmodel",
  "pk": 402,
  "fields": {
    "brand": 28,
    "name": "4x4"
  }
},
{
  "model": "catalog.carmodel",
  "pk": 403,
  "fields": {
    "brand": 28,
    "name": "Kalina"
  }
},
{
  "model": "catalog.carmodel",
  "pk": 404,
  "fields": {
    "brand": 28,
    "name": "Largus"
  }
},
{
  "model": "catalog.carmodel",
  "pk": 405,
  "fields": {
    "brand": 28,
    "name": "Priora"
  }
},
{
  "model": "catalog.carmodel",
  "pk": 406,
  "fields": {
    "brand": 28,
    "name": "XRAY"
  }
},
{
  "model": "catalog.carmodel",
  "pk": 407,
  "fields": {
    "brand": 43,
    "name": "24"
  }
},
{
  "model": "catalog.carmodel",
  "pk": 408,
  "fields": {
    "brand": 43,
    "name": "31"
  }
},
{
  "model": "catalog.carmodel",
  "pk": 409,
  "fields": {
    "brand": 43,
    "name": "3110"
  }
},
{
  "model": "catalog.carmodel",
  "pk": 410,
  "fields": {
    "brand": 43,
    "name": "├рчхы№"
  }
},
{
  "model": "catalog.carmodel",
  "pk": 411,
  "fields": {
    "brand": 43,
    "name": "╤юсюы№"
  }
},
{
  "model": "catalog.carmodel",
  "pk": 412,
  "fields": {
    "brand": 44,
    "name": "3151"
  }
},
{
  "model": "catalog.carmodel",
  "pk": 413,
  "fields": {
    "brand": 44,
    "name": "469"
  }
},
{
  "model": "catalog.carmodel",
  "pk": 414,
  "fields": {
    "brand": 44,
    "name": "Hunter"
  }
},
{
  "model": "catalog.carmodel",
  "pk": 415,
  "fields": {
    "brand": 44,
    "name": "Patriot"
  }
},
{
  "model": "catalog.carmodel",
  "pk": 416,
  "fields": {
    "brand": 44,
    "name": "Pickup"
  }
},
{
  "model": "catalog.category",
  "pk": 1,
  "fields": {
    "name": "─тшурЄхы№"
  }
},
{
  "model": "catalog.category",
  "pk": 2,
  "fields": {
    "name": "╧юфтхёър"
  }
},
{
  "model": "catalog.category",
  "pk": 3,
  "fields": {
    "name": "╩єчют"
  }
},
{
  "model": "catalog.category",
  "pk": 4,
  "fields": {
    "name": "╥юЁьючр"
  }
},
{
  "model": "catalog.category",
  "pk": 5,
  "fields": {
    "name": "▌ыхъЄЁшър"
  }
},
{
  "model": "catalog.category",
  "pk": 6,
  "fields": {
    "name": "╥Ёрэёьшёёш "
  }
},
{
  "model": "catalog.category",
  "pk": 7,
  "fields": {
    "name": "╬яЄшър"
  }
},
{
  "model": "catalog.category",
  "pk": 8,
  "fields": {
    "name": "╤рыюэ"
  }
},
{
  "model": "catalog.category",
  "pk": 9,
  "fields": {
    "name": "╬їырцфхэшх"
  }
},
{
  "model": "catalog.category",
  "pk": 10,
  "fields": {
    "name": "╘шы№ЄЁ√"
  }
},
{
  "model": "catalog.product",
  "pk": 1971,
  "fields": {
    "title": "╘шыы№Є№Ё",
    "slug": "1971",
    "article": "",
    "price": 345678,
    "condition": "new",
    "status": "active",
    "brand": 31,
    "car_model": 95,
    "category": 8,
    "seller_name": "Rinat Khaibullin",
    "whatsapp_number": "87713607040",
    "city": "└ыьрЄ√",
    "main_image": "products/Їрт_2.png",
    "compatibility": "2єЎъхэу°∙чї·",
    "description": "wqertyhuo9p[;'",
    "created_at": "2026-05-19T06:43:05.666Z",
    "updated_at": "2026-05-19T06:43:05.666Z",
    "selected_brands": [],
    "selected_models": []
  }
},
{
  "model": "catalog.product",
  "pk": 1972,
  "fields": {
    "title": "p8t9y9uopio[",
    "slug": "p8t9y9uopio-1972",
    "article": "",
    "price": 654,
    "condition": "new",
    "status": "active",
    "brand": 28,
    "car_model": 88,
    "category": 8,
    "seller_name": "Rinat Khaibullin",
    "whatsapp_number": "87713607040",
    "city": "└ыьрЄ√",
    "main_image": "products/D20T0120700_1.jpg",
    "compatibility": "ъєхэу°∙ч",
    "description": "ъхрэЁу°∙",
    "created_at": "2026-05-19T06:44:34.911Z",
    "updated_at": "2026-05-19T06:44:34.911Z",
    "selected_brands": [],
    "selected_models": []
  }
},
{
  "model": "catalog.product",
  "pk": 1973,
  "fields": {
    "title": "цыфюЁя",
    "slug": "1973",
    "article": "ярЁюыф",
    "price": 54,
    "condition": "new",
    "status": "active",
    "brand": 15,
    "car_model": 50,
    "category": 3,
    "seller_name": "Rinat Khaibullin",
    "whatsapp_number": "87713607040",
    "city": "└ыьрЄ√",
    "main_image": "",
    "compatibility": "юЁ",
    "description": "",
    "created_at": "2026-05-22T12:45:41.589Z",
    "updated_at": "2026-05-22T12:45:41.589Z",
    "selected_brands": [],
    "selected_models": []
  }
},
{
  "model": "catalog.productimage",
  "pk": 9,
  "fields": {
    "product": 1971,
    "image": "products/╦юую_эр_Єхьэюь_Їюэх.png"
  }
},
{
  "model": "catalog.productimage",
  "pk": 10,
  "fields": {
    "product": 1971,
    "image": "products/╘рт_1_16_яъ.png"
  }
},
{
  "model": "catalog.productimage",
  "pk": 11,
  "fields": {
    "product": 1971,
    "image": "products/╘рт_1.png"
  }
},
{
  "model": "catalog.productimage",
  "pk": 12,
  "fields": {
    "product": 1971,
    "image": "products/╘рт_2_16_яъ.png"
  }
},
{
  "model": "catalog.productimage",
  "pk": 13,
  "fields": {
    "product": 1972,
    "image": "products/D20T0120700_2.jpg"
  }
},
{
  "model": "catalog.productimage",
  "pk": 14,
  "fields": {
    "product": 1972,
    "image": "products/D20T0120700_3.jpg"
  }
},
{
  "model": "catalog.productimage",
  "pk": 15,
  "fields": {
    "product": 1972,
    "image": "products/D20T0120700.jpg"
  }
}
]
